Crop,Precipitation,Temperature,Humidity,Area,Month,Yield
1,125.2,25.59,82.09,1,11,4420
1,52.8,25.76,79.11,1,12,4420
1,1.2,25.36,74.19,1,1,4420
1,0.1,26.09,72.16,1,2,4420
1,1.1,27.32,72.38,1,3,4420
1,37.9,28.6,73.56,1,4,4420
2,37.9,28.6,73.56,1,4,4430
2,163.7,28.59,77.76,1,5,4430
2,248.9,27.5,82.63,1,6,4430
2,182.9,27.55,82.92,1,7,4430
2,244.1,26.74,83.97,1,8,4430
3,163.7,28.59,77.76,1,5,3680
3,248.9,27.5,82.63,1,6,3680
3,182.9,27.55,82.92,1,7,3680
3,244.1,26.74,83.97,1,8,3680
3,238.4,26.56,84.34,1,9,3680
3,194.5,26.69,83.94,1,10,3680
3,301.1,26.16,85.41,1,11,3680
1,301.1,26.16,85.41,1,11,4090
1,68.4,26.69,81.59,1,12,4090
1,3.3,25.67,74.68,1,1,4090
1,0.4,25.72,74.29,1,2,4090
1,43.1,27.68,74.75,1,3,4090
1,22.8,28.74,73.44,1,4,4090
2,22.8,28.74,73.44,1,4,4450
2,386.3,27.45,84.01,1,5,4450
2,200.7,27.26,83.77,1,6,4450
2,316.7,26.44,86.18,1,7,4450
2,262.5,27,84.22,1,8,4450
3,386.3,27.45,84.01,1,5,3980
3,200.7,27.26,83.77,1,6,3980
3,316.7,26.44,86.18,1,7,3980
3,262.5,27,84.22,1,8,3980
3,261.9,26.39,85.55,1,9,3980
3,383.5,26.1,86.12,1,10,3980
3,150.7,26.73,81.78,1,11,3980
1,150.7,26.73,81.78,1,11,5440
1,20.6,25.52,76.76,1,12,5440
1,0.9,25.85,74.96,1,1,5440
1,1.2,26.64,75.69,1,2,5440
1,1,27.29,74.47,1,3,5440
1,45.6,28.82,73.18,1,4,5440
2,45.6,28.82,73.18,1,4,4611
2,222.8,28.02,81.62,1,5,4611
2,293.6,27.01,84.41,1,6,4611
2,245.7,26.6,85.11,1,7,4611
2,214.8,26.67,84.89,1,8,4611
3,222.8,28.02,81.62,1,5,4190
3,293.6,27.01,84.41,1,6,4190
3,245.7,26.6,85.11,1,7,4190
3,214.8,26.67,84.89,1,8,4190
3,230.9,26.68,84.38,1,9,4190
3,240.9,26.32,82.98,1,10,4190
3,60.4,26.89,79.42,1,11,4190
1,60.4,26.89,79.42,1,11,5090
1,27.9,25.74,76.2,1,12,5090
1,1.1,25.32,74.56,1,1,5090
1,0.2,26.64,75.34,1,2,5090
1,15,27.2,74.13,1,3,5090
1,13.1,28.65,73.31,1,4,5090
2,13.1,28.65,73.31,1,4,4711
2,202.8,28.17,79.93,1,5,4711
2,231,27.66,83.19,1,6,4711
2,220.5,26.63,85.43,1,7,4711
2,183.1,27.08,83.69,1,8,4711
3,202.8,28.17,79.93,1,5,4520
3,231,27.66,83.19,1,6,4520
3,220.5,26.63,85.43,1,7,4520
3,183.1,27.08,83.69,1,8,4520
3,233.2,26.81,84.11,1,9,4520
3,304.6,26.37,85.95,1,10,4520
3,193.1,26.24,83.88,1,11,4520
1,193.1,26.24,83.88,1,11,5610
1,341.5,24.79,84.12,1,12,5610
1,9.7,25.53,79.47,1,1,5610
1,0.9,26.82,72.25,1,2,5610
1,18,27.33,76.35,1,3,5610
1,105.8,27.96,78.46,1,4,5610
2,105.8,27.96,78.46,1,4,4415
2,306.2,27.33,83.96,1,5,4415
2,307,26.85,85.13,1,6,4415
2,277.7,26.72,85.77,1,7,4415
2,293.3,26.47,85.43,1,8,4415
2,268.3,26.35,85.34,1,9,4415
3,83.96,27.33,306.2,1,5,4490
3,85.13,26.85,307,1,6,4490
3,85.77,26.72,277.7,1,7,4490
3,85.43,26.47,293.3,1,8,4490
3,85.23,26.46,274,1,10,4490
3,81.93,27.02,74.9,1,11,4490
1,74.9,27.02,81.93,1,11,5220
1,39.8,26.63,76.73,1,12,5220
1,68.4,25.49,78.08,1,1,5220
1,4.5,25.8,76.1,1,2,5220
1,75.8,27.24,77.38,1,3,5220
1,114.2,28.27,77.08,1,4,5220
2,114.2,28.27,77.08,1,4,4210
2,256,27.46,83.78,1,5,4210
2,278,27.28,84.64,1,6,4210
2,268.4,26.65,86.15,1,7,4210
2,226.4,26.64,84.9,1,8,4210
3,256,27.46,83.78,1,5,4650
3,278,27.28,84.64,1,6,4650
3,268.4,26.65,86.15,1,7,4650
3,226.4,26.64,84.9,1,8,4650
3,285.2,26.64,85.24,1,9,4650
3,348.7,26.12,86.27,1,10,4650
3,159.4,25.62,81.56,1,11,4650
1,159.4,25.62,81.56,1,11,5820
1,7,26.09,77.74,1,12,5820
1,33.9,25.59,79.34,1,1,5820
1,11.8,26.01,73.88,1,2,5820
1,7.4,26.69,74.59,1,3,5820
1,129.2,27.72,78.83,1,4,5820
2,129.2,27.72,78.83,1,4,4716
2,317.4,26.83,84.71,1,5,4716
2,261.7,26.84,84.53,1,6,4716
2,275.6,26.64,85.02,1,7,4716
2,186.2,26.64,84.4,1,8,4716
3,317.4,26.83,84.71,1,5,4510
3,261.7,26.84,84.53,1,6,4510
3,275.6,26.64,85.02,1,7,4510
3,186.2,26.64,84.4,1,8,4510
3,269.3,26.42,85.74,1,9,4510
3,280.5,26.5,85.88,1,10,4510
3,268.9,25.78,84.7,1,11,4510
1,268.9,25.78,84.7,1,11,5830
1,138.5,25.24,82.08,1,12,5830
1,14.9,24.44,79.74,1,1,5830
1,96.5,25.77,82.03,1,2,5830
1,63,27.22,80.46,1,3,5830
1,172.6,27.85,81.21,1,4,5830
2,172.6,27.85,81.21,1,4,4610
2,295.2,27.2,84.55,1,5,4610
2,181.5,27.63,82.75,1,6,4610
2,259.6,26.95,85.02,1,7,4610
2,165.7,27.25,83.39,1,8,4610
3,295.2,27.2,84.55,1,5,4620
3,181.5,27.63,82.75,1,6,4620
3,259.6,26.95,85.02,1,7,4620
3,165.7,27.25,83.39,1,8,4620
3,250.3,26.68,85.33,1,9,4620
3,259.1,26.53,84.9,1,10,4620
3,132,26.27,82.96,1,11,4620
1,132,26.27,82.96,1,11,5640
1,4,26.05,77.32,1,12,5640
1,35.1,26.03,77.46,1,1,5640
1,1.9,26.89,76.86,1,2,5640
1,13.2,28.15,72.57,1,3,5640
1,7,29.18,73.55,1,4,5640
2,7,29.18,73.55,1,4,5013
2,143.9,29.48,76.49,1,5,5013
2,300.5,27.71,84.51,1,6,5013
2,302.1,27.05,85.08,1,7,5013
2,221.4,27,85.09,1,8,5013
3,143.9,29.48,76.49,1,5,4760
3,300.5,27.71,84.51,1,6,4760
3,302.1,27.05,85.08,1,7,4760
3,221.4,27,85.09,1,8,4760
3,282.6,26.9,84.67,1,9,4760
3,393.8,26.09,86.78,1,10,4760
3,507.6,25.79,86.88,1,11,4760
1,507.6,25.79,86.88,1,11,6670
1,94.6,25.62,83.4,1,12,6670
1,19.3,25.4,77.49,1,1,6670
1,2.2,25.86,75.11,1,2,6670
1,145.3,26.39,78.38,1,3,6670
1,68.8,26.97,80.05,1,4,6670
2,68.8,26.97,80.05,1,4,5480
2,229.7,27.55,83.57,1,5,5480
2,245.3,27.21,84.06,1,6,5480
2,202.1,26.93,84.38,1,7,5480
2,256.6,26.86,84.61,1,8,5480
3,229.7,27.55,83.57,1,5,4820
3,245.3,27.21,84.06,1,6,4820
3,202.1,26.93,84.38,1,7,4820
3,256.6,26.86,84.61,1,8,4820
3,271.3,26.5,85.4,1,9,4820
3,211.5,26.76,83.85,1,10,4820
3,135.6,26.76,82.14,1,11,4820
1,135.6,26.76,82.14,1,11,6340
1,85.8,25.44,80.52,1,12,6340
1,37,25.39,81.69,1,1,6340
1,13.5,26.36,78.55,1,2,6340
1,125.1,27.57,77.93,1,3,6340
1,120.1,27.68,80.47,1,4,6340
2,120.1,27.68,80.47,1,4,5315
2,236.9,27.49,83.44,1,5,5315
2,181.9,27.52,81.87,1,6,5315
2,253.7,26.74,85.39,1,7,5315
2,193.3,26.94,83.95,1,8,5315
3,236.9,27.49,83.44,1,5,5000
3,181.9,27.52,81.87,1,6,5000
3,253.7,26.74,85.39,1,7,5000
3,193.3,26.94,83.95,1,8,5000
3,424.9,25.93,87.75,1,9,5000
3,218.4,26.59,84.31,1,10,5000
3,225.9,26.52,85.29,1,11,5000
1,225.9,26.52,85.29,1,11,6600
1,39.9,26.94,78.91,1,12,6600
1,70.7,25.57,78.59,1,1,6600
1,14.3,26.69,74.56,1,2,6600
1,6,27.88,74.12,1,3,6600
1,231.2,27.93,81.48,1,4,6600
2,231.2,27.93,81.48,1,4,5416
2,257.4,27.98,83.18,1,5,5416
2,278.6,27.21,85.22,1,6,5416
2,263.3,26.56,85.03,1,7,5416
2,180.9,26.83,83.93,1,8,5416
3,257.4,27.98,83.18,1,5,5040
3,278.6,27.21,85.22,1,6,5040
3,263.3,26.56,85.03,1,7,5040
3,180.9,26.83,83.93,1,8,5040
3,193,26.85,83.71,1,9,5040
3,273.7,26.31,84.88,1,10,5040
3,218.5,26.3,84.06,1,11,5040
1,218.5,26.3,84.06,1,11,7240
1,20.6,25.07,79.88,1,12,7240
1,14.4,24.32,75.28,1,1,7240
1,1.2,25.3,75.64,1,2,7240
1,5,27.21,74.4,1,3,7240
1,37.6,28.75,73.8,1,4,7240
2,37.6,28.75,73.8,1,4,5512
2,211.6,28.37,81.68,1,5,5512
2,269,27.7,84.7,1,6,5512
2,267.2,26.96,85.74,1,7,5512
2,216.6,26.88,84.5,1,8,5512
3,211.6,28.37,81.68,1,5,5030
3,269,27.7,84.7,1,6,5030
3,267.2,26.96,85.74,1,7,5030
3,216.6,26.88,84.5,1,8,5030
3,196.8,26.8,83.8,1,9,5030
3,330.7,26.51,84.83,1,10,5030
3,224.7,26.73,84.11,1,11,5030
1,224.7,26.73,84.11,1,11,7280
1,115.8,26.01,81.18,1,12,7280
1,13,24.92,77.63,1,1,7280
1,1.3,25.33,74.09,1,2,7280
1,2.5,27.26,73.22,1,3,7280
1,31.2,28.62,73.68,1,4,7280
2,31.2,28.62,73.68,1,4,5740
2,110.1,29.32,73.26,1,5,5740
2,186.1,27.77,82.13,1,6,5740
2,181.5,27.35,83.45,1,7,5740
2,258.4,27,84.01,1,8,5740
3,110.1,29.32,73.26,1,5,4360
3,186.1,27.77,82.13,1,6,4360
3,181.5,27.35,83.45,1,7,4360
3,258.4,27,84.01,1,8,4360
3,350.4,26.78,85.59,1,9,4360
3,258.5,26.97,84.2,1,10,4360
3,256.2,26.76,84.86,1,11,4360
1,256.2,26.76,84.86,1,11,6770
1,74.6,26.72,80.43,1,12,6770
1,3.5,27.03,77.73,1,1,6770
1,0.9,26.76,71.87,1,2,6770
1,0,27.49,72.77,1,3,6770
1,0.7,29.34,71.65,1,4,6770
2,0.7,29.34,71.65,1,4,5760
2,197.1,29,78.93,1,5,5760
2,215.5,27.68,83.58,1,6,5760
2,215.1,27.27,84.03,1,7,5760
2,207,27.35,83.83,1,8,5760
3,197.1,29,78.93,1,5,4180
3,215.5,27.68,83.58,1,6,4180
3,215.1,27.27,84.03,1,7,4180
3,207,27.35,83.83,1,8,4180
3,294.6,26.77,85.38,1,9,4180
3,428.8,26.17,88.29,1,10,4180
3,167.4,26.66,85.47,1,11,4180
1,167.4,26.66,85.47,1,11,7200
1,222.8,25.73,84.88,1,12,7200
1,99.7,26.01,80.2,1,1,7200
1,21.8,25.97,77.8,1,2,7200
1,48.3,26.97,76.61,1,3,7200
1,143.6,27.89,80.38,1,4,7200
2,143.6,27.89,80.38,1,4,5614
2,272.1,27.77,83.99,1,5,5614
2,172.6,27.67,82.81,1,6,5614
2,239.3,26.92,85.45,1,7,5614
2,331,26.87,85.49,1,8,5614
3,272.1,27.77,83.99,1,5,4760
3,172.6,27.67,82.81,1,6,4760
3,239.3,26.92,85.45,1,7,4760
3,331,26.87,85.49,1,8,4760
3,277.9,27.12,84.47,1,9,4760
3,302.8,26.63,85.41,1,10,4760
3,274.9,26.45,85.24,1,11,4760
1,274.9,26.45,85.24,1,11,7370
1,192.2,25.36,81.08,1,12,7370
1,25.3,25.74,82.12,1,1,7370
1,3.8,25.78,75.73,1,2,7370
1,12.6,27.26,76,1,3,7370
1,26,28.22,75.64,1,4,7370
2,26,28.22,75.64,1,4,5800
2,163.2,28.07,81.4,1,5,5800
2,200.2,27.46,83.3,1,6,5800
2,261.4,26.92,84.84,1,7,5800
2,244.3,26.97,84.26,1,8,5800
3,163.2,28.07,81.4,1,5,4810
3,200.2,27.46,83.3,1,6,4810
3,261.4,26.92,84.84,1,7,4810
3,244.3,26.97,84.26,1,8,4810
3,268.4,26.66,84.8,1,9,4810
3,355.6,26.88,83.83,1,10,4810
3,165.8,26.97,82.21,1,11,4810
1,165.8,26.97,82.21,1,11,7460
1,100.6,26.7,81.87,1,12,7460
1,122.8,25.93,78.22,1,1,7460
1,1.7,26.56,75.78,1,2,7460
1,11.5,27.85,73.18,1,3,7460
1,23.4,29.21,72.13,1,4,7460
2,23.4,29.21,72.13,1,4,5870
2,159.9,28.69,79.56,1,5,5870
2,308.6,27.76,83.88,1,6,5870
2,227,27.36,84.18,1,7,5870
2,306.2,27.04,84.11,1,8,5870
3,159.9,28.69,79.56,1,5,4940
3,308.6,27.76,83.88,1,6,4940
3,227,27.36,84.18,1,7,4940
3,306.2,27.04,84.11,1,8,4940
3,199.4,27.03,83.59,1,9,4940
3,217.1,26.9,84.48,1,10,4940
3,97.1,26.67,81.92,1,11,4940
1,97.1,26.67,81.92,1,11,7670
1,1.5,26.07,74.69,1,12,7670
1,0,26.63,73.05,1,1,7670
1,4,26.52,71.63,1,2,7670
1,1,27.86,74.83,1,3,7670
1,68,28.73,74.54,1,4,7670
2,68,28.73,74.54,1,4,5820
2,69.4,29.57,75.49,1,5,5820
2,330.2,27.37,84.48,1,6,5820
2,229.2,27.18,83.95,1,7,5820
2,210.8,27.42,83.47,1,8,5820
3,69.4,29.57,75.49,1,5,5600
3,330.2,27.37,84.48,1,6,5600
3,229.2,27.18,83.95,1,7,5600
3,210.8,27.42,83.47,1,8,5600
3,347.1,27.03,84.33,1,9,5600
3,373.9,26.26,87.22,1,10,5600
3,137,26.72,81.69,1,11,5600
1,137,26.72,81.69,1,11,7730
1,142.8,25.78,80.89,1,12,7730
1,34,25.09,77.29,1,1,7730
1,1.4,25.39,75.03,1,2,7730
1,3,27.38,74.62,1,3,7730
1,152.3,27.86,79.06,1,4,7730
2,152.3,27.86,79.06,1,4,5930
2,249.1,27.84,83.04,1,5,5930
2,154,27.74,82.28,1,6,5930
2,267,27.3,83.92,1,7,5930
2,268.6,27.12,83.64,1,8,5930
3,249.1,27.84,83.04,1,5,6090
3,154,27.74,82.28,1,6,6090
3,267,27.3,83.92,1,7,6090
3,268.6,27.12,83.64,1,8,6090
3,219.9,26.7,84.28,1,9,6090
3,319.3,26.8,84.77,1,10,6090
3,557.5,26.11,87.05,1,11,6090
1,97.6,25.53,80.68,2,11,5050
1,52.7,25.6,77.99,2,12,5050
1,0.2,25.13,74.92,2,1,5050
1,0.6,26.04,71.25,2,2,5050
1,1.6,27.35,71.91,2,3,5050
1,23.5,28.65,73.31,2,4,5050
2,23.5,28.65,73.31,2,4,4530
2,128.4,28.51,78.66,2,5,4530
2,230.2,27.1,85.39,2,6,4530
2,137.8,27.3,84.06,2,7,4530
2,231,26.35,86.25,2,8,4530
3,128.4,28.51,78.66,2,5,3750
3,230.2,27.1,85.39,2,6,3750
3,137.8,27.3,84.06,2,7,3750
3,231,26.35,86.25,2,8,3750
3,227.5,26.23,86.5,2,9,3750
3,236.5,26.46,86.54,2,10,3750
3,260.7,25.92,87.89,2,11,3750
1,260.7,25.92,87.89,2,11,5110
1,74.7,26.42,83.35,2,12,5110
1,2.7,25.32,76.5,2,1,5110
1,1.6,26.49,74.35,2,2,5110
1,28.1,27.69,74.45,2,3,5110
1,26.8,28.72,74.09,2,4,5110
2,26.8,28.72,74.09,2,4,4430
2,373.8,27.18,85.95,2,5,4430
2,220.8,26.96,85.94,2,6,4430
2,344,26.14,88.63,2,7,4430
2,258.3,26.68,86.21,2,8,4430
3,373.8,27.18,85.95,2,5,3610
3,220.8,26.96,85.94,2,6,3610
3,344,26.14,88.63,2,7,3610
3,258.3,26.68,86.21,2,8,3610
3,268,26.1,87.49,2,9,3610
3,435.4,25.89,88.74,2,10,3610
3,114.2,26.46,84.08,2,11,3610
1,114.2,26.46,84.08,2,11,5240
1,30.8,25.15,79.24,2,12,5240
1,1,25.74,74.92,2,1,5240
1,1.6,25.71,75.34,2,2,5240
1,2.5,27.3,74.46,2,3,5240
1,26.4,28.91,73.31,2,4,5240
2,26.4,28.91,73.31,2,4,4680
2,205.5,27.8,83.26,2,5,4680
2,291,26.67,86.52,2,6,4680
2,254,26.28,87.54,2,7,4680
2,216.2,26.37,86.72,2,8,4680
3,205.5,27.8,83.26,2,5,3660
3,291,26.67,86.52,2,6,3660
3,254,26.28,87.54,2,7,3660
3,216.2,26.37,86.72,2,8,3660
3,251.1,26.39,87.05,2,9,3660
3,224.6,26.11,85.48,2,10,3660
3,36,26.72,80.82,2,11,3660
1,36,26.72,80.82,2,11,5530
1,31,25.54,77.22,2,12,5530
1,0.7,25.23,74.39,2,1,5530
1,1.6,26.57,75.44,2,2,5530
1,16.6,27.2,73.67,2,3,5530
1,16.3,28.74,73.03,2,4,5530
2,16.3,28.74,73.03,2,4,4950
2,160,28.06,81.31,2,5,4950
2,229.5,27.3,85.54,2,6,4950
2,224.5,26.32,87.45,2,7,4950
2,205.1,26.73,85.86,2,8,4950
3,160,28.06,81.31,2,5,3770
3,229.5,27.3,85.54,2,6,3770
3,224.5,26.32,87.45,2,7,3770
3,205.1,26.73,85.86,2,8,3770
3,270.5,26.43,86.78,2,9,3770
3,303.5,26.19,88.23,2,10,3770
3,169.4,25.93,87.04,2,11,3770
1,169.4,25.93,87.04,2,11,5380
1,248.2,24.49,86.41,2,12,5380
1,10.2,25.26,81.25,2,1,5380
1,1.5,26.74,72.12,2,2,5380
1,15.5,27.28,76.66,2,3,5380
1,103.1,27.87,79.86,2,4,5380
2,260.2,27.87,79.86,2,4,4710
2,260.2,27.16,85.88,2,5,4710
2,290.2,26.49,87.75,2,6,4710
2,231.2,26.41,87.58,2,7,4710
2,302.6,26.18,87.07,2,8,4710
3,312.4,27.16,85.88,2,5,3890
3,290.2,26.49,87.75,2,6,3890
3,231.2,26.41,87.58,2,7,3890
3,302.6,26.18,87.07,2,8,3890
3,312.4,26.06,87.55,2,9,3890
3,267.5,26.25,87.3,2,10,3890
3,51.4,26.81,83.88,2,11,3890
1,51.4,26.81,83.88,2,11,5010
1,38.6,26.32,78.78,2,12,5010
1,74.7,25.29,79.31,2,1,5010
1,3.2,25.69,76.15,2,2,5010
1,47,27.19,78.17,2,3,5010
1,95.9,28.33,77.06,2,4,5010
2,95.9,28.33,77.06,2,4,5030
2,276.8,27.11,86.64,2,5,5030
2,306.9,27,87.43,2,6,5030
2,254.7,26.38,88.44,2,7,5030
2,228.8,26.33,86.82,2,8,5030
3,276.8,27.11,86.64,2,5,3830
3,306.9,27,87.43,2,6,3830
3,254.7,26.38,88.44,2,7,3830
3,228.8,26.33,86.82,2,8,3830
3,282.4,26.37,87.29,2,9,3830
3,290.9,25.92,88.23,2,10,3830
3,143,25.31,83.88,2,11,3830
1,143,25.31,83.88,2,11,5910
1,13.9,25.86,79.28,2,12,5910
1,33.5,25.35,81.01,2,1,5910
1,10.8,25.99,73.52,2,2,5910
1,7.6,26.91,73.19,2,3,5910
1,117.8,27.64,80.15,2,4,5910
2,117.8,27.64,80.15,2,4,5110
2,350.1,26.45,87.42,2,5,5110
2,270.8,26.57,86.77,2,6,5110
2,291.6,26.33,87.13,2,7,5110
2,206,26.32,86.87,2,8,5110
3,350.1,26.45,87.42,2,5,4270
3,270.8,26.57,86.77,2,6,4270
3,291.6,26.33,87.13,2,7,4270
3,206,26.32,86.87,2,8,4270
3,258.2,26.11,87.94,2,9,4270
3,279.6,26.28,88.58,2,10,4270
3,229.3,25.49,87.2,2,11,4270
1,229.3,25.49,87.2,2,11,5860
1,139,24.96,84.61,2,12,5860
1,13.6,24.18,81.81,2,1,5860
1,67,25.75,82.45,2,2,5860
1,42.5,27.28,81.05,2,3,5860
1,123.9,27.76,82.23,2,4,5860
2,123.9,27.76,85.67,2,4,5040
2,280.1,26.8,85.67,2,5,5040
2,177.4,27.2,85.67,2,6,5040
2,279,26.61,85.67,2,7,5040
2,210.4,26.99,85.67,2,8,5040
3,280.1,26.8,87.69,2,5,4330
3,177.4,27.2,85.36,2,6,4330
3,279,26.61,86.94,2,7,4330
3,210.4,26.99,85.67,2,8,4330
3,268.6,26.35,87.31,2,9,4330
3,273.8,26.22,87.29,2,10,4330
3,119.7,26.03,85.08,2,11,4330
1,119.7,26.03,85.08,2,11,6250
1,4.8,25.85,85.6,2,12,6250
1,42.9,25.8,78.19,2,1,6250
1,2.2,26.7,77.99,2,2,6250
1,9.1,28.12,72.54,2,3,6250
1,10.9,29.28,73.16,2,4,6250
2,10.9,29.28,73.16,2,4,5290
2,114.3,29.59,76.57,2,5,5290
2,328.9,27.45,86.91,2,6,5290
2,276.7,26.81,87.53,2,7,5290
2,261.2,26.74,87.36,2,8,5290
3,114.3,29.59,76.57,2,5,4550
3,328.9,27.45,86.91,2,6,4550
3,276.7,26.81,87.53,2,7,4550
3,261.2,26.74,87.36,2,8,4550
3,334.7,26.71,87.19,2,9,4550
3,446.8,25.78,89.38,2,10,4550
3,390.6,25.59,89.07,2,11,4550
1,390.6,25.59,89.07,2,11,6390
1,120.2,25.4,85.6,2,12,6390
1,25.6,25.08,79.93,2,1,6390
1,0.6,25.75,75.54,2,2,6390
1,119.9,26.35,78.41,2,3,6390
1,60.3,26.97,80.65,2,4,6390
2,60.3,26.97,80.65,2,4,5890
2,262.5,27.35,85.92,2,5,5890
2,246.8,26.85,86.34,2,6,5890
2,224.2,26.62,86.35,2,7,5890
2,283.5,26.56,86.8,2,8,5890
3,262.5,27.35,85.92,2,5,4390
3,246.8,26.85,86.34,2,6,4390
3,224.2,26.62,86.35,2,7,4390
3,283.5,26.56,86.8,2,8,4390
3,293.3,26.2,87.12,2,9,4390
3,207.4,26.52,85.92,2,10,4390
3,149.2,26.49,84.57,2,11,4390
1,149.2,26.49,84.57,2,11,6550
1,74.8,25.08,83.24,2,12,6550
1,32.4,25.32,82.12,2,1,6550
1,12.5,26.44,77.84,2,2,6550
1,130.5,27.65,78.21,2,3,6550
1,124.9,27.53,82.39,2,4,6550
2,124.9,27.53,82.39,2,4,6060
2,246.4,27.2,85.58,2,5,6060
2,187.2,27.14,83.96,2,6,6060
2,261.5,26.48,87.11,2,7,6060
2,174.6,26.67,85.45,2,8,6060
3,246.4,27.2,85.58,2,5,4790
3,187.2,27.14,83.96,2,6,4790
3,261.5,26.48,87.11,2,7,4790
3,174.6,26.67,85.45,2,8,4790
3,405.2,25.62,89.83,2,9,4790
3,211.6,26.35,86.68,2,10,4790
3,185,26.36,86.89,2,11,4790
1,185,26.36,86.89,2,11,6600
1,32.1,26.75,79.96,2,12,6600
1,82,25.36,79.82,2,1,6600
1,16.9,26.64,73.97,2,2,6600
1,6.4,27.92,74.19,2,3,6600
1,192.7,27.88,82.73,2,4,6600
2,192.7,27.88,82.73,2,4,5620
2,269.3,27.72,85.92,2,5,5620
2,285.3,26.89,87.6,2,6,5620
2,281.1,26.24,87.33,2,7,5620
2,201.3,26.47,86.16,2,8,5620
3,269.3,27.72,85.92,2,5,5030
3,285.3,26.89,87.6,2,6,5030
3,281.1,26.24,87.33,2,7,5030
3,201.3,26.47,86.16,2,8,5030
3,213.1,26.53,86.14,2,9,5030
3,232.5,26.15,86.84,2,10,5030
3,145.5,26.11,86.24,2,11,5030
1,145.5,26.11,86.24,2,11,6800
1,30.3,24.76,82.74,2,12,6800
1,16.6,24.03,77.05,2,1,6800
1,3,25.22,75.86,2,2,6800
1,4.8,27.29,73.92,2,3,6800
1,48.9,28.85,74.43,2,4,6800
2,48.9,28.85,74.43,2,4,5990
2,235.5,28.17,83.9,2,5,5990
2,281.3,27.33,86.97,2,6,5990
2,247.5,26.6,87.66,2,7,5990
2,242.3,26.58,86.75,2,8,5990
3,235.5,28.17,83.9,2,5,5010
3,281.3,27.33,86.97,2,6,5010
3,247.5,26.6,87.66,2,7,5010
3,242.3,26.58,86.75,2,8,5010
3,202.3,26.48,85.82,2,9,5010
3,302.9,26.29,87.64,2,10,5010
3,146.1,26.55,86.23,2,11,5010
1,146.1,26.55,86.23,2,11,6850
1,91.1,25.77,83.21,2,12,6850
1,14.7,24.65,79.09,2,1,6850
1,1.8,25.18,74.21,2,2,6850
1,2,27.25,73.32,2,3,6850
1,28.7,28.67,73.67,2,4,6850
2,28.7,28.67,73.67,2,4,5630
2,97.8,29.25,74.49,2,5,5630
2,168.2,27.54,83.98,2,6,5630
2,180.9,27.14,85.01,2,7,5630
2,263,26.79,85.74,2,8,5630
3,97.8,29.25,74.49,2,5,5100
3,168.2,27.54,83.98,2,6,5100
3,180.9,27.14,85.01,2,7,5100
3,263,26.79,85.74,2,8,5100
3,325.1,26.5,87.48,2,9,5100
3,319.7,26.71,86.74,2,10,5100
3,189.9,26.59,86.45,2,11,5100
1,189.9,26.59,86.45,2,11,6240
1,63.2,26.53,81.57,2,12,6240
1,3.6,26.81,78.52,2,1,6240
1,0.5,26.69,71.57,2,2,6240
1,0.5,27.47,72.59,2,3,6240
1,1.9,29.42,71.82,2,4,6240
2,1.9,29.42,71.82,2,4,5640
2,195.2,28.96,79.95,2,5,5640
2,255.6,27.29,86.44,2,6,5640
2,213.2,26.92,86.73,2,7,5640
2,188.6,27.13,85.05,2,8,5640
3,195.2,28.96,79.95,2,5,4880
3,255.6,27.29,86.44,2,6,4880
3,213.2,26.92,86.73,2,7,4880
3,188.6,27.13,85.05,2,8,4880
3,270.1,26.49,87.3,2,9,4880
3,473.7,25.88,90.52,2,10,4880
3,176.9,26.41,88.13,2,11,4880
1,176.9,26.41,88.13,2,11,6450
1,180.4,25.48,86.87,2,12,6450
1,120.1,25.8,81.52,2,1,6450
1,26.6,25.75,79.4,2,2,6450
1,33.6,26.9,77.17,2,3,6450
1,95,27.83,81.34,2,4,6450
2,95,27.83,81.34,2,4,5630
2,276.4,27.51,86.49,2,5,5630
2,199.2,27.28,85.68,2,6,5630
2,263.6,26.55,87.66,2,7,5630
2,306,26.61,87.35,2,8,5630
3,276.4,27.51,86.49,2,5,5120
3,199.2,27.28,85.68,2,6,5120
3,263.6,26.55,87.66,2,7,5120
3,306,26.61,87.35,2,8,5120
3,248.6,26.83,86.78,2,9,5120
3,328.3,26.34,88.25,2,10,5120
3,206.8,26.27,87.22,2,11,5120
1,206.8,26.27,87.22,2,11,6460
1,168.1,25.12,83.09,2,12,6460
1,37.4,25.6,83.47,2,1,6460
1,3.8,25.65,76.07,2,2,6460
1,11.2,27.3,75.44,2,3,6460
1,32.5,28.36,74.98,2,4,6460
2,32.5,28.36,74.98,2,4,5610
2,166.6,27.93,83.73,2,5,5610
2,216.9,27.03,85.89,2,6,5610
2,232.1,26.57,86.8,2,7,5610
2,244.6,26.58,86.27,2,8,5610
3,166.6,27.93,83.73,2,5,5130
3,216.9,27.03,85.89,2,6,5130
3,232.1,26.57,86.8,2,7,5130
3,244.6,26.58,86.27,2,8,5130
3,282.6,26.37,87.26,2,9,5130
3,257.6,26.65,86.55,2,10,5130
3,145.7,26.66,84.3,2,11,5130
1,145.7,26.66,84.3,2,11,6520
1,98.6,26.58,83,2,12,6520
1,85.3,25.66,79.01,2,1,6520
1,1.6,26.41,76.29,2,2,6520
1,12.2,27.76,74.22,2,3,6520
1,25.2,29.11,73.56,2,4,6520
2,25.2,29.11,73.56,2,4,5610
2,164.7,28.49,81.34,2,5,5610
2,299.3,27.4,86.39,2,6,5610
2,235.1,26.97,86.53,2,7,5610
2,278,26.73,85.92,2,8,5610
3,164.7,28.49,81.34,2,5,5010
3,299.3,27.4,86.39,2,6,5010
3,235.1,26.97,86.53,2,7,5010
3,278,26.73,85.92,2,8,5010
3,220.5,26.68,85.8,2,9,5010
3,175.6,26.77,86.54,2,10,5010
3,81.6,26.35,84.09,2,11,5010
1,81.6,26.35,84.09,2,11,6480
1,1.8,25.78,76.39,2,12,6480
1,1.3,26.51,73.2,2,1,6480
1,4.9,26.51,70.88,2,2,6480
1,1.9,27.94,74.36,2,3,6480
1,48.2,28.74,74.52,2,4,6480
2,48.2,28.74,74.52,2,4,5240
2,91.5,29.65,76.08,2,5,5240
2,319.9,27.11,87.03,2,6,5240
2,235.7,26.92,87.04,2,7,5240
2,250.2,27.03,86.34,2,8,5240
3,91.5,29.65,76.08,2,5,5120
3,319.9,27.11,87.03,2,6,5120
3,235.7,26.92,87.04,2,7,5120
3,250.2,27.03,86.34,2,8,5120
3,368.2,26.73,87.05,2,9,5120
3,354.8,25.99,89.39,2,10,5120
3,128.3,26.48,84.31,2,11,5120
1,128.3,26.48,84.31,2,11,6790
1,95.3,25.55,83.35,2,12,6790
1,17.6,24.85,79.45,2,1,6790
1,2.6,25.3,75.52,2,2,6790
1,2.9,27.46,74.08,2,3,6790
1,158.9,27.77,80.5,2,4,6790
2,158.9,27.77,80.5,2,4,5750
2,197.3,27.61,85.46,2,5,5750
2,156.6,27.33,84.83,2,6,5750
2,246.2,26.92,86.45,2,7,5750
2,260.1,26.87,86.01,2,8,5750
3,197.3,27.61,85.46,2,5,5050
3,156.6,27.33,84.83,2,6,5050
3,246.2,26.92,86.45,2,7,5050
3,260.1,26.87,86.01,2,8,5050
3,261.5,26.37,87.19,2,9,5050
3,329.2,26.45,87.48,2,10,5050
3,440.8,25.91,89.06,2,11,5050
1,106.5,26.35,83.22,3,11,6130
1,22.6,25.23,75.51,3,12,6130
1,1.7,26.18,71.35,3,1,6130
1,1.4,26.17,71.54,3,2,6130
1,5.6,28.1,69.09,3,3,6130
1,29.6,29.48,68.63,3,4,6130
2,29.6,29.48,68.63,3,4,3870
2,193.3,27.69,83.51,3,5,3870
2,294.2,26.54,87.22,3,6,3870
2,271.8,26.14,87.74,3,7,3870
2,234.2,26.3,87.22,3,8,3870
1,62.8,26.68,79.97,3,11,6390
1,7.5,25.96,72.79,3,12,6390
1,0.9,25.62,71.12,3,1,6390
1,0.2,27.08,70.86,3,2,6390
1,20.2,27.82,68.75,3,3,6390
1,46.5,29.2,68.93,3,4,6390
2,46.5,29.2,68.93,3,4,3940
2,247.6,27.79,82.13,3,5,3940
2,234,27.07,86.3,3,6,3940
2,287.2,26.1,88.76,3,7,3940
2,185,26.68,86.24,3,8,3940
1,164.3,25.9,84.65,3,11,6210
1,213.6,24.41,84.08,3,12,6210
1,24.2,25.19,80.82,3,1,6210
1,10,27.13,69.5,3,2,6210
1,28.5,27.95,71.45,3,3,6210
1,172.1,27.54,80.26,3,4,6210
2,172.1,27.54,80.26,3,4,3780
2,304.3,26.7,87.09,3,5,3780
2,293.5,26.29,88.35,3,6,3780
2,250,26.3,87.97,3,7,3780
2,315.7,26.1,87.36,3,8,3780
1,87.9,26.62,83,3,11,5270
1,54,26.17,77.05,3,12,5270
1,67,25.26,79.65,3,1,5270
1,3,26.1,71.9,3,2,5270
1,86.7,27.47,74.93,3,3,5270
1,100,28.42,74.78,3,4,5270
2,100,28.42,74.78,3,4,4070
2,306.8,26.81,87.71,3,5,4070
2,269.9,26.82,87.68,3,6,4070
2,300.2,26.2,88.91,3,7,4070
2,244.7,26.25,87.31,3,8,4070
1,127.2,25.3,81.7,3,11,6160
1,10,26.2,75.7,3,12,6160
1,23.9,25.86,75.33,3,1,6160
1,16.2,26.49,69.76,3,2,6160
1,37.1,27.35,70.11,3,3,6160
1,150.9,27.8,77.77,3,4,6160
2,150.9,27.8,77.77,3,4,4260
2,398.6,26.23,88.51,3,5,4260
2,230,26.4,87.08,3,6,4260
2,265.2,26.31,87.06,3,7,4260
2,237.7,26.19,87.01,3,8,4260
1,203.2,26.14,84.67,3,11,6300
1,145.8,25.45,81.34,3,12,6300
1,10.5,23.86,80.12,3,1,6300
1,85.2,25.73,81.37,3,2,6300
1,85.9,27.22,79.3,3,3,6300
1,138.4,27.79,81.03,3,4,6300
2,138.4,27.79,81.03,3,4,4360
2,301.7,26.61,87.99,3,5,4360
2,178,27.01,85.96,3,6,4360
2,235.2,26.62,86.65,3,7,4360
2,206.4,26.86,85.99,3,8,4360
1,89.2,26.08,82.42,3,11,6510
1,12.3,25.97,76.48,3,12,6510
1,34.8,25.88,76.13,3,1,6510
1,2.2,27.21,72.78,3,2,6510
1,11.2,28.88,66.99,3,3,6510
1,41.2,29.77,69.3,3,4,6510
2,41.2,29.77,69.3,3,4,4290
2,162.5,29.43,76.73,3,5,4290
2,288.1,27.19,87.39,3,6,4290
2,308.9,26.6,87.63,3,7,4290
2,279.8,26.59,87.66,3,8,4290
1,385.6,25.51,87.41,3,11,6700
1,113.2,25.13,85.89,3,12,6700
1,24.2,24.74,81.19,3,1,6700
1,2.2,26.19,71.6,3,2,6700
1,172.5,26.32,78.28,3,3,6700
1,122.3,26.67,81.43,3,4,6700
2,122.3,26.67,81.43,3,4,4410
2,258.9,27.02,86.9,3,5,4410
2,273.9,26.69,87.01,3,6,4410
2,248.9,26.53,86.61,3,7,4410
2,278.7,26.57,86.69,3,8,4410
1,151.8,26.43,83.69,3,11,7110
1,75.7,25,81.15,3,12,7110
1,70.3,25.17,82.14,3,1,7110
1,36.8,26.48,76.2,3,2,7110
1,119.8,28,74.28,3,3,7110
1,151.2,27.25,82.47,3,4,7110
2,151.2,27.25,82.47,3,4,4590
2,240.1,26.93,86.85,3,5,4590
2,169.7,27.08,84.03,3,6,4590
2,269.7,26.39,87.14,3,7,4590
2,191.9,26.6,85.8,3,8,4590
1,200.3,26.19,85.97,3,11,7110
1,34.2,26.54,79.58,3,12,7110
1,58.5,25.23,80.18,3,1,7110
1,18.3,27.31,68.11,3,2,7110
1,14.6,28.79,67.88,3,3,7110
1,236.4,27.7,82.63,3,4,7110
2,236.4,27.7,82.63,3,4,4720
2,323.6,27.36,86.69,3,5,4720
2,302.8,26.7,88.03,3,6,4720
2,283.7,26.14,87.87,3,7,4720
2,209.1,26.39,86.41,3,8,4720
1,191.4,25.91,85.62,3,11,7520
1,26.7,24.66,78.99,3,12,7520
1,13.8,23.94,75.55,3,1,7520
1,0.9,25.69,71.48,3,2,7520
1,10.4,27.99,68.34,3,3,7520
1,127.9,28.37,76.11,3,4,7520
2,127.9,28.37,76.11,3,4,4870
2,254.6,27.8,85.08,3,5,4870
2,266.1,27.16,87.5,3,6,4870
2,303.7,26.54,87.92,3,7,4870
2,254.3,26.47,86.96,3,8,4870
1,195.5,26.4,85.66,3,11,7730
1,84.7,25.59,82.09,3,12,7730
1,13.3,24.81,76.97,3,1,7730
1,2.1,25.66,69.94,3,2,7730
1,2.8,28.03,67.41,3,3,7730
1,49,28.93,70.51,3,4,7730
2,49,28.93,70.51,3,4,5310
2,115.7,29.29,73.1,3,5,5310
2,226.5,27.37,83.83,3,6,5310
2,209.7,26.97,85.72,3,7,5310
2,249,26.7,86.2,3,8,5310
1,197.4,26.44,85.77,3,11,7000
1,55.8,26.32,80.93,3,12,7000
1,6.4,27,74.96,3,1,7000
1,1.2,27.17,67.08,3,2,7000
1,0.4,28.37,66.73,3,3,7000
1,0.9,30.27,65.32,3,4,7000
2,0.9,30.27,65.32,3,4,5500
2,197.6,29.08,77.89,3,5,5500
2,300.4,27.08,87.04,3,6,5500
2,260.7,26.75,86.99,3,7,5500
2,190.9,27.02,85.71,3,8,5500
1,230.4,26.32,86.92,3,11,6820
1,183.6,25.42,85.85,3,12,6820
1,99.2,25.53,83.32,3,1,6820
1,63.2,25.64,79.98,3,2,6820
1,73.8,27.17,74.93,3,3,6820
1,161,27.44,82.24,3,4,6820
2,161,27.44,82.24,3,4,5670
2,332.7,27.1,87.7,3,5,5670
2,214.7,27.12,86.08,3,6,5670
2,278.6,26.41,88.29,3,7,5670
2,326.9,26.48,87.78,3,8,5670
1,190,26.11,86.14,3,11,7310
1,173.5,25,81.59,3,12,7310
1,74.8,25.2,85.99,3,1,7310
1,11.4,25.49,76.64,3,2,7310
1,38.7,27.53,73.23,3,3,7310
1,50,28.53,72.64,3,4,7310
2,50,28.53,72.64,3,4,5800
2,232.9,27.5,84.92,3,5,5800
2,228.5,26.87,86.67,3,6,5800
2,271.2,26.44,87.49,3,7,5800
2,275.7,26.51,86.46,3,8,5800
1,130.9,26.62,83.32,3,11,7340
1,114.6,26.6,81.76,3,12,7340
1,76.9,25.61,77.9,3,1,7340
1,1.8,26.87,71.63,3,2,7340
1,11.8,28.39,68.8,3,3,7340
1,60.4,29.39,70.6,3,4,7340
2,60.4,29.39,70.6,3,4,5810
2,239.8,28,83.78,3,5,5810
2,311.3,27.2,87.11,3,6,5810
2,232,26.92,86.95,3,7,5810
2,279.5,26.62,86.22,3,8,5810
1,115.5,26.17,83.65,3,11,7660
1,3.8,25.86,73.56,3,12,7660
1,1.3,26.66,71.46,3,1,7660
1,3.1,26.95,67.1,3,2,7660
1,3,28.41,69.91,3,3,7660
1,62.6,28.76,73.42,3,4,7660
2,62.6,28.76,73.42,3,4,5800
2,128.4,29.61,74.58,3,5,5800
2,358.5,26.86,87.78,3,6,5800
2,267.3,26.73,86.78,3,7,5800
2,250.3,26.93,86.51,3,8,5800
1,107.5,26.43,82.33,3,11,7820
1,83.2,25.53,79.7,3,12,7820
1,14.9,24.91,76.28,3,1,7820
1,4.5,25.66,72.95,3,2,7820
1,11.2,27.95,69.59,3,3,7820
1,193.8,27.52,80.53,3,4,7820
2,193.8,27.52,80.53,3,4,6000
2,276.7,27.35,86.06,3,5,6000
2,147.2,27.14,85.53,3,6,6000
2,260.5,26.82,86.79,3,7,6000
2,245.9,26.77,86.12,3,8,6000
1,66.5,26.68,75.26,4,11,6360
1,31.9,26.6,72.47,4,12,6360
1,0.5,25.47,69.84,4,1,6360
1,0,26.63,63.77,4,2,6360
1,1.3,28.11,62.58,4,3,6360
1,16.9,29.33,65.71,4,4,6360
2,16.9,29.33,65.71,4,4,3860
2,98,28.89,75.16,4,5,3860
2,204.4,27.18,85.09,4,6,3860
2,125.5,27.42,82.48,4,7,3860
2,244.4,26.38,85.04,4,8,3860
1,216.9,26.08,84.22,4,11,6110
1,89,26.32,83.5,4,12,6110
1,0.7,25.26,75.7,4,1,6110
1,1.1,26.82,68.9,4,2,6110
1,14.4,28.29,65.85,4,3,6110
1,18,29.39,64.58,4,4,6110
2,18,29.39,64.58,4,4,3830
2,293.7,27.2,84.47,4,5,3830
2,156.4,26.87,85.43,4,6,3830
2,314.9,26.14,87.62,4,7,3830
2,280.6,26.61,85.59,4,8,3830
1,124.4,26.47,81.3,4,11,6800
1,21.5,25.12,72.75,4,12,6800
1,2.4,25.97,70.79,4,1,6800
1,0.9,26.13,69.73,4,2,6800
1,2.6,27.92,66.96,4,3,6800
1,27.5,29.41,66.24,4,4,6800
2,27.5,29.41,66.24,4,4,4090
2,188.4,27.82,82.64,4,5,4090
2,279,26.55,86.89,4,6,4090
2,220.6,26.24,86.81,4,7,4090
2,222.6,26.3,86.1,4,8,4090
1,56.2,26.74,79.04,4,11,6970
1,7.6,25.78,71.29,4,12,6970
1,1.1,25.53,70.33,4,1,6970
1,0.4,27.03,69.07,4,2,6970
1,20.8,27.76,67.09,4,3,6970
1,25.7,29.18,66.17,4,4,6970
2,25.7,29.18,66.17,4,4,4200
2,205.5,27.89,81.26,4,5,4200
2,210.1,27.13,85.62,4,6,4200
2,267.3,26.18,87.92,4,7,4200
2,193.7,26.69,84.98,4,8,4200
1,163.2,25.98,82.85,4,11,6690
1,193.9,24.44,81.73,4,12,6690
1,14.8,25.22,80.68,4,1,6690
1,9.7,26.91,71.22,4,2,6690
1,12.9,27.77,70.72,4,3,6690
1,136.5,27.85,78.57,4,4,6690
2,136.5,27.85,78.57,4,4,4090
2,235.4,26.95,86.34,4,5,4090
2,286.8,26.36,87.89,4,6,4090
2,219,26.3,87.26,4,7,4090
2,275.4,26.14,85.91,4,8,4090
1,70.5,26.8,81.04,4,11,6800
1,49.6,26.2,73.35,4,12,6800
1,70.3,25.34,78.8,4,1,6800
1,4.7,25.97,70.77,4,2,6800
1,52.2,27.46,73.18,4,3,6800
1,99.4,28.67,73.26,4,4,6800
2,99.4,28.67,73.26,4,4,4360
2,279.9,26.9,87.36,4,5,4360
2,211.7,26.94,87.5,4,6,4360
2,279.5,26.28,88.03,4,7,4360
2,232.6,26.25,86.3,4,8,4360
1,136.8,25.32,79.59,4,11,6850
1,15.5,25.92,75.72,4,12,6850
1,22.7,25.65,73.45,4,1,6850
1,9.7,26.4,68.73,4,2,6850
1,27.9,27.45,70.49,4,3,6850
1,131.4,27.91,76.5,4,4,6850
2,131.4,27.91,76.5,4,4,4510
2,341.6,26.25,88.18,4,5,4510
2,190.6,26.51,86.68,4,6,4510
2,261.3,26.34,86.03,4,7,4510
2,223.2,26.23,85.84,4,8,4510
1,216.2,25.46,83.11,4,11,6730
1,146.8,24.97,77.57,4,12,6730
1,10,23.99,77.54,4,1,6730
1,51.7,25.93,80.18,4,2,6730
1,52.9,27.55,76.19,4,3,6730
1,136.8,27.9,78.96,4,4,6730
2,136.8,27.9,78.96,4,4,4480
2,271.1,26.58,87.56,4,5,4480
2,168.2,27.02,85.57,4,6,4480
2,200.7,26.63,85.53,4,7,4480
2,198.1,26.91,84.96,4,8,4480
1,100.5,26.13,79.27,4,11,7060
1,10.8,25.89,76.11,4,12,7060
1,62.1,25.77,76.32,4,1,7060
1,2.2,26.86,72.26,4,2,7060
1,8.5,28.59,65.52,4,3,7060
1,29.9,29.73,68.23,4,4,7060
2,29.9,29.73,68.23,4,4,4700
2,125.6,29.64,77.55,4,5,4700
2,239.8,27.33,86.88,4,6,4700
2,257.2,26.74,86.5,4,7,4700
2,257.2,26.64,86.57,4,8,4700
1,329.9,25.65,85.28,4,11,7160
1,108.6,25.32,84.17,4,12,7160
1,32.7,24.81,80.75,4,1,7160
1,1.1,25.93,71.11,4,2,7160
1,145.4,26.37,77.35,4,3,7160
1,105.2,26.86,80.7,4,4,7160
2,105.2,26.86,80.7,4,4,4810
2,236.4,27.1,86.51,4,5,4810
2,219.5,26.7,86.86,4,6,4810
2,209.3,26.58,85.56,4,7,4810
2,266.4,26.56,85.29,4,8,4810
1,131.6,26.55,82.13,4,11,7290
1,79,25.04,77.84,4,12,7290
1,63,25.3,80.65,4,1,7290
1,37.6,26.53,76.59,4,2,7290
1,106.9,27.85,73.52,4,3,7290
1,113.7,27.4,81.44,4,4,7290
2,113.7,27.4,81.44,4,4,4840
2,213.8,26.96,86.79,4,5,4840
2,189.7,27.03,84.03,4,6,4840
2,218.3,26.41,85.9,4,7,4840
2,180.2,26.62,84.11,4,8,4840
1,165.7,26.37,84.65,4,11,7240
1,20.1,26.74,78.47,4,12,7240
1,54.1,25.36,79.6,4,1,7240
1,15.1,27.08,67.17,4,2,7240
1,10,28.55,65.85,4,3,7240
1,225.1,27.93,81.09,4,4,7240
2,225.1,27.93,81.09,4,4,4930
2,240.3,27.52,86.09,4,5,4930
2,272.4,26.74,87.73,4,6,4930
2,284.8,26.19,86.89,4,7,4930
2,210.9,26.33,85.4,4,8,4930
1,156.4,26.06,84.05,4,11,7340
1,26.9,24.75,76.12,4,12,7340
1,13,24.01,73.72,4,1,7340
1,1.9,25.53,70.7,4,2,7340
1,6.6,27.87,66.53,4,3,7340
1,99.2,28.69,76.42,4,4,7340
2,99.2,28.69,76.42,4,4,5000
2,178.7,27.95,83.7,4,5,5000
2,283.3,27.15,86.82,4,6,5000
2,267.9,26.55,86.42,4,7,5000
2,238.1,26.54,85.7,4,8,5000
1,154.7,26.6,84.12,4,11,7390
1,78,25.68,80.02,4,12,7390
1,14.9,24.71,75.74,4,1,7390
1,2.1,25.49,69,4,2,7390
1,2.9,27.77,64.85,4,3,7390
1,61.8,28.82,70.49,4,4,7390
2,61.8,28.82,70.49,4,4,5070
2,82,29.5,73.28,4,5,5070
2,180.7,27.61,82.23,4,6,5070
2,165.9,27.14,84.5,4,7,5070
2,208.9,26.8,84.29,4,8,5070
1,194.3,26.65,84.36,4,11,7100
1,47.6,26.47,80.08,4,12,7100
1,7.7,26.91,73.7,4,1,7100
1,0.3,27.06,65.72,4,2,7100
1,0,28.06,64.84,4,3,7100
1,0.9,29.96,64.31,4,4,7100
2,0.9,29.96,64.31,4,4,5100
2,201.9,29.16,76.51,4,5,5100
2,221.6,27.11,86.68,4,6,5100
2,215.6,26.83,86.13,4,7,5100
2,193.8,27.02,84.93,4,8,5100
1,264.8,26.43,85.47,4,11,6520
1,197.2,25.5,84.54,4,12,6520
1,90,25.66,83.59,4,1,6520
1,56.7,25.72,80.7,4,2,6520
1,61.3,27.08,76.17,4,3,6520
1,119.4,27.57,82.41,4,4,6520
2,119.4,27.57,82.41,4,4,5370
2,277,27.25,87.66,4,5,5370
2,192.2,27.12,85.81,4,6,5370
2,260,26.44,87.56,4,7,5370
2,294.3,26.51,86.73,4,8,5370
1,198.3,26.23,85.02,4,11,7160
1,145.4,25.17,79.52,4,12,7160
1,78,25.44,85.76,4,1,7160
1,6.7,25.53,77.22,4,2,7160
1,40.7,27.49,72.56,4,3,7160
1,38,28.59,72.5,4,4,7160
2,38,28.59,72.5,4,4,5400
2,199.5,27.77,84.85,4,5,5400
2,189.2,26.92,86.45,4,6,5400
2,263.9,26.45,86.73,4,7,5400
2,250.3,26.44,85.52,4,8,5400
1,137.1,26.68,81.5,4,11,6960
1,105.1,26.63,81.42,4,12,6960
1,54,25.66,77.77,4,1,6960
1,1.6,26.69,70.72,4,2,6960
1,13.3,28.17,67.78,4,3,6960
1,48.5,29.4,71.03,4,4,6960
2,48.5,29.4,71.03,4,4,5570
2,189.5,28.17,82.96,4,5,5570
2,253.7,27.25,86.79,4,6,5570
2,222.5,26.93,85.81,4,7,5570
2,275.1,26.6,85.44,4,8,5570
1,85.6,26.29,82.25,4,11,7220
1,5.7,25.78,73.19,4,12,7220
1,2.4,26.62,72.1,4,1,7220
1,3.6,26.91,67.58,4,2,7220
1,1.3,28.33,68.35,4,3,7220
1,58.1,28.79,74.48,4,4,7220
2,58.1,28.79,74.48,4,4,5710
2,114.2,29.67,75.73,4,5,5710
2,298.6,26.97,87.54,4,6,5710
2,251.5,26.85,85.83,4,7,5710
2,243.1,26.95,85.63,4,8,5710
1,97.8,26.48,80.58,4,11,7450
1,83.5,25.57,76.99,4,12,7450
1,11.7,24.87,73.78,4,1,7450
1,4.1,25.54,72.42,4,2,7450
1,4.1,27.91,68.49,4,3,7450
1,181.3,27.6,79.92,4,4,7450
2,181.3,27.6,79.92,4,4,5780
2,203.4,27.48,85.33,4,5,5780
2,119.5,27.18,85.29,4,6,5780
2,263.7,26.83,85.94,4,7,5780
2,267.7,26.83,85.1,4,8,5780
1,86.7,26.92,74.3,5,11,5300
1,34.3,26.9,73.63,5,12,5300
1,5.9,25.81,75.26,5,1,5300
1,8.2,26.18,75.5,5,2,5300
1,6.1,27.25,77.09,5,3,5300
1,81.3,28.24,77.46,5,4,5300
2,81.3,28.24,77.46,5,4,3960
2,261,28.29,81.45,5,5,3960
2,294.1,27.75,82.61,5,6,3960
2,258.4,28.03,82.33,5,7,3960
2,503.7,27.27,83.7,5,8,3960
3,261,28.29,81.45,5,5,2480
3,294.1,27.75,82.61,5,6,2480
3,258.4,28.03,82.33,5,7,2480
3,503.7,27.27,83.7,5,8,2480
3,431.7,26.92,85.03,5,9,2480
3,237.5,27.31,80.19,5,10,2480
3,205.2,27.3,79.48,5,11,2480
1,205.2,27.3,79.48,5,11,5260
1,73.8,27.38,79.99,5,12,5260
1,14.3,26.82,72.17,5,1,5260
1,12.5,27.12,74.72,5,2,5260
1,49.3,27.81,75.64,5,3,5260
1,38.5,28.6,76.42,5,4,5260
2,38.5,28.6,76.42,5,4,3720
2,504.5,27.99,83.26,5,5,3720
2,254,27.76,82.19,5,6,3720
2,366.4,27.27,83.46,5,7,3720
2,348.5,27.33,84.03,5,8,3720
3,504.5,27.99,83.26,5,5,2930
3,254,27.76,82.19,5,6,2930
3,366.4,27.27,83.46,5,7,2930
3,348.5,27.33,84.03,5,8,2930
3,430.7,26.71,85.45,5,9,2930
3,549.1,26.59,83.54,5,10,2930
3,80.8,27.58,77,5,11,2930
1,80.8,27.58,77,5,11,5680
1,12.5,26.97,69.06,5,12,5680
1,16.9,26.39,76.46,5,1,5680
1,20.8,26.28,76.88,5,2,5680
1,13.5,27.48,77.28,5,3,5680
1,71.7,28.47,77.58,5,4,5680
2,71.7,28.47,77.58,5,4,4190
2,342.3,28.46,81.22,5,5,4190
2,437.9,27.41,84.58,5,6,4190
2,377.1,27.12,83.42,5,7,4190
2,406.8,27.02,85.12,5,8,4190
3,342.3,28.46,81.22,5,5,3510
3,437.9,27.41,84.58,5,6,3510
3,377.1,27.12,83.42,5,7,3510
3,406.8,27.02,85.12,5,8,3510
3,250.5,27.08,82.4,5,9,3510
3,246.9,27.02,79.65,5,10,3510
3,90.6,27.51,76.77,5,11,3510
1,90.6,27.51,76.77,5,11,5990
1,10.9,27.13,70.21,5,12,5990
1,10.6,26.13,73.95,5,1,5990
1,4.5,26.94,76.74,5,2,5990
1,30,27.36,76.15,5,3,5990
1,39.7,28.19,78.02,5,4,5990
2,39.7,28.19,78.02,5,4,4280
2,323.3,28.07,81.95,5,5,4280
2,380.5,27.88,83.43,5,6,4280
2,495.5,27.15,84.98,5,7,4280
2,205.3,27.37,83.7,5,8,4280
3,323.3,28.07,81.95,5,5,3520
3,380.5,27.88,83.43,5,6,3520
3,495.5,27.15,84.98,5,7,3520
3,205.3,27.37,83.7,5,8,3520
3,323.9,27.34,82.89,5,9,3520
3,272.2,27.02,82.5,5,10,3520
3,143.6,27.04,79.27,5,11,3520
1,143.6,27.04,79.27,5,11,5950
1,156.1,26.18,75.98,5,12,5950
1,26.5,26.57,76.12,5,1,5950
1,26,27.03,77.2,5,2,5950
1,35.6,27.53,78.08,5,3,5950
1,106.1,27.98,79.36,5,4,5950
2,106.1,27.98,79.36,5,4,3680
2,441.9,27.77,82.3,5,5,3680
2,394.5,27.56,82.86,5,6,3680
2,458.9,27.15,85.5,5,7,3680
2,469.5,26.96,84.44,5,8,3680
3,441.9,27.77,82.3,5,5,3010
3,394.5,27.56,82.86,5,6,3010
3,458.9,27.15,85.5,5,7,3010
3,469.5,26.96,84.44,5,8,3010
3,415.7,26.84,83.95,5,9,3010
3,339.5,26.98,82.72,5,10,3010
3,54.4,27.7,78.26,5,11,3010
1,54.4,27.7,78.26,5,11,5930
1,29.4,27.45,72.09,5,12,5930
1,64.5,26.5,76.24,5,1,5930
1,10,26.24,76.09,5,2,5930
1,79.8,27.35,78.72,5,3,5930
1,134.2,28.23,78.8,5,4,5930
2,134.2,28.23,78.8,5,4,4620
2,373.5,27.73,83.83,5,5,4620
2,327.8,27.97,81.99,5,6,4620
2,449.6,27.25,83.89,5,7,4620
2,423.1,27.22,84.26,5,8,4620
3,373.5,27.73,83.83,5,5,3400
3,327.8,27.97,81.99,5,6,3400
3,449.6,27.25,83.89,5,7,3400
3,423.1,27.22,84.26,5,8,3400
3,464.4,27.16,84.04,5,9,3400
3,436.4,26.69,83.47,5,10,3400
3,150.4,26.7,75.46,5,11,3400
1,150.4,26.7,75.46,5,11,6710
1,12.5,26.89,75.27,5,12,6710
1,18.5,26.64,75.77,5,1,6710
1,37.6,26.54,74.68,5,2,6710
1,62.6,27.02,77.37,5,3,6710
1,172,27.82,79.43,5,4,6710
2,172,27.82,79.43,5,4,4800
2,498.7,27.31,84.38,5,5,4800
2,352.5,27.37,82.97,5,6,4800
2,289.2,27.12,83.83,5,7,4800
2,247,27.04,83.18,5,8,4800
3,498.7,27.31,84.38,5,5,3930
3,352.5,27.37,82.97,5,6,3930
3,289.2,27.12,83.83,5,7,3930
3,247,27.04,83.18,5,8,3930
3,419.8,26.91,84.32,5,9,3930
3,356.5,27.11,83.2,5,10,3930
3,131.8,26.8,79.41,5,11,3930
1,131.8,26.8,79.41,5,11,6700
1,71.1,26.61,72.07,5,12,6700
1,25.3,25.74,71.78,5,1,6700
1,31,26.59,79.56,5,2,6700
1,82,27.62,78.65,5,3,6700
1,182.2,28.05,81.98,5,4,6700
2,182.2,28.05,81.98,5,4,4610
2,352,27.58,82.76,5,5,4610
2,275.4,27.91,82.34,5,6,4610
2,328.8,27.48,83.46,5,7,4610
2,243.1,27.39,84.54,5,8,4610
3,352,27.58,82.76,5,5,3820
3,275.4,27.91,82.34,5,6,3820
3,328.8,27.48,83.46,5,7,3820
3,243.1,27.39,84.54,5,8,3820
3,580.7,27.12,85.3,5,9,3820
3,438.2,26.95,83.74,5,10,3820
3,38.7,27.42,76.69,5,11,3820
1,38.7,27.42,76.69,5,11,6660
1,20,26.85,76.08,5,12,6660
1,45.9,26.75,76.05,5,1,6660
1,9.6,27.27,77.34,5,2,6660
1,80.5,28.14,75.32,5,3,6660
1,48,28.71,78.47,5,4,6660
2,48,28.71,78.47,5,4,4610
2,174.9,29.04,80.2,5,5,4610
2,379.4,28.07,83.46,5,6,4610
2,348.6,27.59,82.83,5,7,4610
2,238.6,27.29,84.44,5,8,4610
3,174.9,29.04,80.2,5,5,3810
3,379.4,28.07,83.46,5,6,3810
3,348.6,27.59,82.83,5,7,3810
3,238.6,27.29,84.44,5,8,3810
3,255,27.36,82.33,5,9,3810
3,564.3,26.94,83.28,5,10,3810
3,172.6,26.68,80.05,5,11,3810
1,172.6,26.68,80.05,5,11,6950
1,36.4,26.77,75.53,5,12,6950
1,37.8,26.63,71.65,5,1,6950
1,23.3,26.42,76.6,5,2,6950
1,118.1,26.85,77.95,5,3,6950
1,82.8,27.29,79.51,5,4,6950
2,82.8,27.29,79.51,5,4,4990
2,254.7,27.8,83.5,5,5,4990
2,295.7,27.57,83.89,5,6,4990
2,315,27.29,83.76,5,7,4990
2,287.6,27.27,83.5,5,8,4990
3,254.7,27.8,83.5,5,5,3710
3,295.7,27.57,83.89,5,6,3710
3,315,27.29,83.76,5,7,3710
3,287.6,27.27,83.5,5,8,3710
3,462.2,26.77,85.38,5,9,3710
3,206.8,27.02,82.49,5,10,3710
3,70.4,27.63,77.99,5,11,3710
1,70.4,27.63,77.99,5,11,7060
1,60.7,26.92,70.77,5,12,7060
1,61.7,26.43,78.55,5,1,7060
1,49.1,27.04,77.29,5,2,7060
1,97.5,27.72,78.89,5,3,7060
1,156,28.02,79.59,5,4,7060
2,156,28.02,79.59,5,4,5290
2,363,27.68,84.53,5,5,5290
2,235.4,27.85,81.8,5,6,5290
2,257.3,27.13,84.3,5,7,5290
2,252.5,27.26,83.55,5,8,5290
3,363,27.68,84.53,5,5,4270
3,235.4,27.85,81.8,5,6,4270
3,257.3,27.13,84.3,5,7,4270
3,252.5,27.26,83.55,5,8,4270
3,670.8,26.47,85.81,5,9,4270
3,189.4,27.16,81.61,5,10,4270
3,200.5,27.27,81.72,5,11,4270
1,200.5,27.27,81.72,5,11,6910
1,26.7,27.69,75.75,5,12,6910
1,25.8,26.65,75.35,5,1,6910
1,16.9,27.16,75.17,5,2,6910
1,14.9,27.9,77.48,5,3,6910
1,215.2,28.32,80.79,5,4,6910
2,215.2,28.32,80.79,5,4,5230
2,285.8,28.39,81.68,5,5,5230
2,484.9,27.63,84.03,5,6,5230
2,463.2,27.1,83.81,5,7,5230
2,225.6,27.09,83.77,5,8,5230
3,285.8,28.39,81.68,5,5,4290
3,484.9,27.63,84.03,5,6,4290
3,463.2,27.1,83.81,5,7,4290
3,225.6,27.09,83.77,5,8,4290
3,226.8,27.26,82.9,5,9,4290
3,313.8,26.63,83.78,5,10,4290
3,163.4,27.18,79.38,5,11,4290
1,163.4,27.18,79.38,5,11,7220
1,41.4,26.3,70.29,5,12,7220
1,10.8,25.63,69.18,5,1,7220
1,4.5,25.8,76.05,5,2,7220
1,12.7,27.32,76.56,5,3,7220
1,75.8,28.19,79.41,5,4,7220
2,75.8,28.19,79.41,5,4,5310
2,151.6,28.63,81.17,5,5,5310
2,289.9,28.15,82.91,5,6,5310
2,307,27.56,83.35,5,7,5310
2,231.8,27.3,82.68,5,8,5310
3,151.6,28.63,81.17,5,5,4490
3,289.9,28.15,82.91,5,6,4490
3,307,27.56,83.35,5,7,4490
3,231.8,27.3,82.68,5,8,4490
3,294.6,26.99,84.08,5,9,4490
3,241,27.09,81.37,5,10,4490
3,141,27.51,79.72,5,11,4490
1,141,27.51,79.72,5,11,7240
1,89.1,27.05,75.02,5,12,7240
1,32.3,26.02,73.11,5,1,7240
1,12.7,25.93,75.88,5,2,7240
1,11.4,27.4,76.16,5,3,7240
1,80.2,28.11,78.35,5,4,7240
2,80.2,28.11,78.35,5,4,5350
2,104.2,28.85,78.6,5,5,5350
2,265.3,28.14,81.44,5,6,5350
2,262.2,27.65,83.75,5,7,5350
2,288.8,27.23,84.1,5,8,5350
3,104.2,28.85,78.6,5,5,4500
3,265.3,28.14,81.44,5,6,4500
3,262.2,27.65,83.75,5,7,4500
3,288.8,27.23,84.1,5,8,4500
3,455.9,27.09,85.02,5,9,4500
3,161.1,27.45,81.74,5,10,4500
3,178.1,27.5,81.33,5,11,4500
1,178.1,27.5,81.33,5,11,6150
1,46.6,27.49,77.79,5,12,6150
1,12.9,27.55,75.46,5,1,6150
1,17.6,27.17,72.76,5,2,6150
1,9.5,27.72,77,5,3,6150
1,5.5,28.94,76.75,5,4,6150
2,5.5,28.94,76.75,5,4,5440
2,292.6,28.92,80.76,5,5,5440
2,290.4,28.04,82.6,5,6,5440
2,264.1,27.64,83.09,5,7,5440
2,319.6,27.46,85.34,5,8,5440
3,292.6,28.92,80.76,5,5,1790
3,290.4,28.04,82.6,5,6,1790
3,264.1,27.64,83.09,5,7,1790
3,319.6,27.46,85.34,5,8,1790
3,430.7,26.96,85.42,5,9,1790
3,531.7,26.68,86.21,5,10,1790
3,163.5,27.33,80.89,5,11,1790
1,163.5,27.33,80.89,5,11,6020
1,118.2,27.18,77.4,5,12,6020
1,73,27,77.2,5,1,6020
1,94.3,26.94,76.05,5,2,6020
1,66.4,27.37,78.15,5,3,6020
1,235.4,28.18,79.99,5,4,6020
2,235.4,28.18,79.99,5,4,5460
2,432.4,28.11,82.88,5,5,5460
2,269.9,28.13,81.81,5,6,5460
2,401.3,27.38,84.23,5,7,5460
2,439.6,27.26,84.81,5,8,5460
3,432.4,28.11,82.88,5,5,2880
3,269.9,28.13,81.81,5,6,2880
3,401.3,27.38,84.23,5,7,2880
3,439.6,27.26,84.81,5,8,2880
3,389.6,27.58,83.34,5,9,2880
3,385.4,27.52,81.2,5,10,2880
3,228.6,27.2,81,5,11,2880
1,228.6,27.2,81,5,11,7070
1,154.5,26.52,75.49,5,12,7070
1,58.7,26.52,78.72,5,1,7070
1,25,26.53,75.31,5,2,7070
1,52,27.36,78.25,5,3,7070
1,63.7,27.94,78.4,5,4,7070
2,63.7,27.94,78.4,5,4,5130
2,248.2,28.1,81.14,5,5,5130
2,381.1,27.96,82.58,5,6,5130
2,559.9,27.31,85.25,5,7,5130
2,369.6,27.19,84.28,5,8,5130
3,248.2,28.1,81.14,5,5,4550
3,381.1,27.96,82.58,5,6,4550
3,559.9,27.31,85.25,5,7,4550
3,369.6,27.19,84.28,5,8,4550
3,406.2,27,84.12,5,9,4550
3,340.8,27.2,81.57,5,10,4550
3,115.9,27.81,78.22,5,11,4550
1,115.9,27.81,78.22,5,11,6880
1,105.9,27.71,78.2,5,12,6880
1,119.5,26.85,76.4,5,1,6880
1,7.6,27.05,76.71,5,2,6880
1,21.9,27.69,75.81,5,3,6880
1,47.9,28.88,77.22,5,4,6880
2,47.9,28.88,77.22,5,4,5380
2,237.3,28.52,82.6,5,5,5380
2,290.7,28.38,81.54,5,6,5380
2,240.1,28,82.24,5,7,5380
2,529.1,27.23,85.19,5,8,5380
3,237.3,28.52,82.6,5,5,4980
3,290.7,28.38,81.54,5,6,4980
3,240.1,28,82.24,5,7,4980
3,529.1,27.23,85.19,5,8,4980
3,411.5,27.26,83.13,5,9,4980
3,186.1,27.39,81.59,5,10,4980
3,83.9,27.55,76.24,5,11,4980
1,83.9,27.55,76.24,5,11,7320
1,9.2,26.73,73.2,5,12,7320
1,16,27.17,75.83,5,1,7320
1,8.3,27.08,74.18,5,2,7320
1,14.6,27.88,77.3,5,3,7320
1,115.2,28.4,78.6,5,4,7320
2,115.2,28.4,78.6,5,4,5580
2,95.2,29.11,79.3,5,5,5580
2,344.3,27.96,82.03,5,6,5580
2,277.6,27.7,81.87,5,7,5580
2,327.9,27.87,82.91,5,8,5580
3,95.2,29.11,79.3,5,5,5140
3,344.3,27.96,82.03,5,6,5140
3,277.6,27.7,81.87,5,7,5140
3,327.9,27.87,82.91,5,8,5140
3,400.7,27.46,83.16,5,9,5140
3,639.5,26.93,84.53,5,10,5140
3,84.3,27.46,77.53,5,11,5140
1,84.3,27.46,77.53,5,11,7620
1,54,27.09,73.52,5,12,7620
1,21,26.15,71.18,5,1,7620
1,16,26.17,77.13,5,2,7620
1,27.8,27.51,76.64,5,3,7620
1,168.4,27.98,79.95,5,4,7620
2,168.4,27.98,79.95,5,4,5590
2,308.2,28.38,81.21,5,5,5590
2,172.6,28.03,82.28,5,6,5590
2,386,27.81,82.63,5,7,5590
2,318.3,27.41,82.83,5,8,5590
3,308.2,28.38,81.21,5,5,4550
3,172.6,28.03,82.28,5,6,4550
3,386,27.81,82.63,5,7,4550
3,318.3,27.41,82.83,5,8,4550
3,350.9,27.18,83.23,5,9,4550
3,347.1,27.52,81.9,5,10,4550
3,381.6,27.17,82.15,5,11,4550
